{
    "psnr": 
    {"stf": [28.894643767291928, 30.3865391400446, 32.13499477522003, 33.98713765349509, 35.8083494500579, 37.594215075174965], 
    "cheng": [28.42612401644389, 29.7610608736674, 31.31001114845276, 33.35360987981161, 34.93063624699911, 36.594215075174965],
    "cnn": [29.20609798448156,30.74673313031698,32.29482104667759,35.90222770582638],
    "tcm" : [29.99, 30.57, 32.42, 34.18, 36.01, 37.96]
    }, 
    "mssim": 
    {"stf": [0.9273726791143417, 0.9503865440686544, 0.9675626282890638, 0.9785748943686485, 0.9854620272914568, 0.9901726270715395], 
    "cheng": [0.9237560952703158, 0.9452540352940559, 0.9633558044830958, 0.9761135826508204, 0.983699657022953, 0.989087184270223],
    "cnn": [ 0.9308385327458382, 0.9523118461171786,0.9677668362855911,0.9857802813251814],
    "tcm" : [0.933, 0.947, 0.965, 0.976, 0.984, 0.990]
    }, 
    "bpp": 
    {"stf": [0.11540052625868057, 0.1845160590277778, 0.30023871527777773, 0.45857408311631936, 0.6430392795138888, 0.903008355034722], 
    "cheng": [0.1156277126736111, 0.17442152235243055, 0.2689887152777778, 0.4269510904947916, 0.5951944986979166, 0.8058573404947915],
    "cnn": [0.12766520182291666,0.20136515299479163,0.30013020833333337, 0.6492987738715276],
    "tcm" : [0.161, 0.198, 0.306, 0.455, 0.628, 0.899]
    }
}